{"cameraMode":{"drawMode":0,"name":"Shaded","section":"Shading Mode"},"sceneLighting":true,"audioPlay":false,"sceneViewState":{"m_AlwaysRefresh":false,"showFog":true,"showSkybox":true,"showFlares":true,"showImageEffects":true,"showParticleSystems":true,"showVisualEffectGraphs":true,"m_FxEnabled":true},"in2DMode":false,"pivot":{"x":78.92291259765625,"y":0.6990805268287659,"z":40.053592681884769},"rotation":{"x":-0.051732879132032397,"y":0.545388400554657,"z":-0.033752910792827609,"w":-0.8359058499336243},"size":1.3949528932571412,"orthographic":false}