{"cameraMode":{"drawMode":0,"name":"Shaded","section":"Shading Mode"},"sceneLighting":true,"audioPlay":false,"sceneViewState":{"m_AlwaysRefresh":false,"showFog":true,"showSkybox":true,"showFlares":true,"showImageEffects":true,"showParticleSystems":true,"showVisualEffectGraphs":true,"m_FxEnabled":false},"in2DMode":false,"pivot":{"x":5.795966625213623,"y":2.930938720703125,"z":-0.5749586820602417},"rotation":{"x":0.038104139268398288,"y":-0.21182070672512055,"z":0.008265204727649689,"w":0.9765323996543884},"size":0.8876742720603943,"orthographic":false}