{"cameraMode":{"drawMode":0,"name":"Shaded","section":"Shading Mode"},"sceneLighting":true,"audioPlay":false,"sceneViewState":{"m_AlwaysRefresh":false,"showFog":true,"showSkybox":true,"showFlares":true,"showImageEffects":true,"showParticleSystems":true,"showVisualEffectGraphs":true,"m_FxEnabled":false},"in2DMode":false,"pivot":{"x":-2.8352532386779787,"y":-0.08893269300460816,"z":-4.917211532592773},"rotation":{"x":0.015136800706386567,"y":-0.980573296546936,"z":0.08404425531625748,"w":0.1766054928302765},"size":1.0970978736877442,"orthographic":false}