{"cameraMode":{"drawMode":0,"name":"Shaded","section":"Shading Mode"},"sceneLighting":true,"audioPlay":false,"sceneViewState":{"m_AlwaysRefresh":false,"showFog":true,"showSkybox":true,"showFlares":true,"showImageEffects":true,"showParticleSystems":true,"showVisualEffectGraphs":true,"m_FxEnabled":false},"in2DMode":false,"pivot":{"x":44.230167388916019,"y":21.915803909301759,"z":-70.95608520507813},"rotation":{"x":-0.09160364419221878,"y":0.29420435428619387,"z":-0.028244275599718095,"w":-0.9509773254394531},"size":1.2247449159622193,"orthographic":false}