{"cameraMode":{"drawMode":0,"name":"Shaded","section":"Shading Mode"},"sceneLighting":true,"audioPlay":false,"sceneViewState":{"m_AlwaysRefresh":false,"showFog":true,"showSkybox":true,"showFlares":true,"showImageEffects":true,"showParticleSystems":true,"showVisualEffectGraphs":true,"m_FxEnabled":false},"in2DMode":false,"pivot":{"x":44.587162017822269,"y":20.728910446166993,"z":1.5995206832885743},"rotation":{"x":-0.10863220691680908,"y":0.7858623266220093,"z":-0.14417007565498353,"w":-0.5915554761886597},"size":1.2432405948638917,"orthographic":false}